text,likes,retweets,replies,created_at,lang,is_meaningful
"You have until 10pm PT tonight (8/24) to take advantage of this weekendâ€™s free Veo 3 video generations in Gemini.

Hereâ€™s some inspiration to get you pumped up:",0,0,0,,en,NO
"ICYMI: Weâ€™ve loved seeing your Veo 3 creations so much this weekend weâ€™re doubling the rate limits.

This weekend only, ending tonight (8/24) at 10pm PT:

Gemini free users have up to *6* free video generations for the weekend.
Pro users have 6 per day for the weekend. 
Ultra users have 10 per day for the weekend. 

Rates do not reset (so if you already used 3, you now have 3 more).

Show us what you're making in the repliesğŸ‘‡. Enjoy!",0,0,0,,en,NO
"Google Veo 3 is free until 10pm PT.

Gemini free users: 6 videos
Pro users: pack doubled to 6/day
Ultra users : pack doubled to 10/day.

Here's how to get most out of it per Google team

Bookmark this:
https://t.co/zD1rFH81w0",0,0,0,,en,NO
"TalkMe released the FIRST brand film made with Google's AI stack (Gemini, Veo 3 and Flow)

From a ""Penguin"" to a Million Learners: TalkMe Could Be the Next-Gen Duolingo",0,0,0,,en,NO
"AI will make everything feel very advanced (by today's standards), even as soon as mid-late 2027. Todayâ€™s examples - technologies like Veo 3 or Genie 3 - already feel like something from the far future. 

Of course, after a brief shock we quickly adapt to what we see, no matter how crazy the technology is. Still, many innovations evoke reactions like â€˜This is insaneâ€™ or â€˜this is dark magic.â€™ 

Iâ€™ve seen tons of comments like that all over the web, under for example Genie 3 videos.

People from 2019 would think itâ€™s probably 2030s or 2040s tech.

My point is that by 2027, thanks to the influence and growth of AI (not today's gen of AI, but late 2025, 2026 and early 2027 AI, which will make today's AI feel like stone age tech) technology and science will feel like 2030s are already here. 

And as I said before, the real 2030s may feel like Star Trek level tech - more like the 2100s/2200s or in many cases beyond.

Small reminder: todayâ€™s most advanced agents can work autonomously for about 2 hours. By 2030s, a single agent could do the equivalent of billions of hours of human work in just a few hours, and by then, we should have billions (if not trillions) of them.",0,0,0,,en,NO
"Cherry blossoms fall. Shadows dance. Crystal blades sing in the moonlight. âš”ğŸŒ¸ğŸ’œ

Video : Veo 3 FAST via &gt; @Imagine_aiart âœ¨ https://t.co/92pKvhjChM",0,0,0,,en,YES
"Veo 3 rate limits (free, pro, ultra) are doubling for the next 24 hours, go make something cool!!",0,0,0,,en,NO
"Free users are getting +3 VEO 3 video generations extra during this weekend on Gemini! Pro and Ultra limits are doubled too! 

Veokend ğŸ‘€ğŸ‘€ğŸ‘€ https://t.co/nbMiTeeUl9",0,0,0,,en,NO
New to making videos in Gemini? Here are some Veo 3 prompting tips to get you started ğŸ§µ,0,0,0,,en,NO
"This weekend only, everyone gets 3 free #Veo3 video generations from Gemini. To help you make the most of it, weâ€™ve pulled together a few tips from our team so you can get better outputs for your prompts.

Check it out â¬‡ï¸",0,0,0,,en,NO
"The ğŸŒ Strikes AGAIN!

I took the principal people have been using in VEO 3 (annotating first frames to drive video generation results), and applied them to a Nano Banana prompt in LMArena.

Let's take a look ğŸ‘‡ https://t.co/odjiBS860J",0,0,0,,en,NO
"$10 VEO 3 AI ads are pumping 

Hereâ€™s what you can do 

- Talking head videos 
- Product in hand 
- AI hooks + B-roll

One of our brands made $35,000 in 1 month 

Entirely with AI ads 

Its not just the time it saves but costs less than $10/AD to create 

Comment â€œVEOâ€ and Iâ€™ll send you our system 

(must be connected)",0,0,0,,en,NO
"Veo-3 is freaking amazing, can't imagine what Veo-4 will look like.

{
  ""shot"": {
    ""composition"": ""wide cinematic shot capturing the dragon in profile, tracking it from the side as it flies past"",
    ""camera_motion"": ""smooth aerial tracking shot that pans from left to right, following the dragon's majestic flight path"",
    ""frame_rate"": ""24fps"",
    ""film_grain"": ""subtle epic fantasy grain""
  },
  ""subject"": {
    ""description"": ""a massive, powerful white dragon with intricate scales, soaring gracefully over the ocean"",
    ""appearance"": ""realistic, formidable, House of the Dragon style, sharp detailed textures on scales and leathery wings""
  },
  ""scene"": {
    ""location"": ""a grand, dark stone castle perched atop a sheer, rugged cliff overlooking the sea"",
    ""time_of_day"": ""golden hour, with the setting sun casting a warm, dramatic light across the landscape"",
    ""environment"": ""expansive ocean with white-capped waves crashing against the base of the cliffs""
  },
  ""visual_details"": {
    ""action"": ""the dragon flies steadily past the cliffside castle, its large wings beating with immense power and grace"",
    ""focus"": ""the epic scale of the dragon against the vastness of the ocean and the imposing castle architecture""
  },
  ""cinematography"": {
    ""lighting"": ""warm, directional sunlight from a low angle, highlighting the texture of the dragon's scales and the cliff face"",
    ""tone"": ""epic, awe-inspiring, majestic, cinematic fantasy""
  },
  ""audio"": {
    ""ambient"": ""the sound of strong wind currents, the distant roar of crashing ocean waves"",
    ""sfx"": ""deep, powerful whooshing sounds from the dragon's massive wingbeats""
  },
  ""color_palette"": ""pale whites and grays, dark castle stone, deep ocean blues, and warm golden sunlight""
}",0,0,0,,en,YES
"ğŸš¨BREAKING: GPT-5 + Claude 4.1 + Google Veo 3â€¦ all with one account!

The worldâ€™s #1 all-in-one AI platform is here.

Search. Code. Image. Video. âœ No limits.

Try it now ğŸ‘‡ https://t.co/dlRYkIpVsp",0,0,0,,en,NO
"Veo 3 is free for everyone this weekend.

So youâ€™ll need good tips and promptsâ€¦ and here Iâ€™m giving you more than 100 ğŸ§µğŸ‘‡ğŸ»
https://t.co/cgwJ00UUWB",0,0,0,,en,NO
"ğŸ¨ VEO 3  1080 PğŸ¨

 Prompt  :

Tracking shot on a RED Komodo camera with an anamorphic lens, cinematic, a lone surfer walks toward the ocean on a foggy beach at dawn, sand crunches underfoot as gulls circle overhead, the audio features waves crashing and distant gull cries, soft blue-gray tones with diffused morning light filtering through the mist.

Made in @LeonardoAi_",0,0,0,,en,YES
Get started making your own videos in Gemini today: https://t.co/x0H7mWra9m #Veo3 https://t.co/zeIxyyfgSl,0,0,0,,en,NO
Veo 3 is now free for the weekend for everyone to tryÂ  - canâ€™t wait to see what youâ€™ll create!Â ğŸ¬,0,0,0,,en,NO
"Free Veo 3 this weekend in the @GeminiApp, enjoy : )",0,0,0,,en,NO
"Lots of shipping this week (with more coming soon ğŸŒ). Hereâ€™s the recap:

â€” Weâ€™re making Veo 3 available to everyone in a free, limited-time trial this weekend in the @GeminiApp.

â€” AI credits are doubling for Google AI Ultra subscribers.

â€” Over 100M videos have been generated in @FlowbyGoogle. Share your favorites with us below!

â€”At #MadeByGoogle, we shared how weâ€™re integrating our most advanced Gemini models into our hardware ecosystem of Pixel Phones, Watches, and Buds.

â€” AI Mode in @Google Search is now available in 180+ new countries and territories in English. We also brought more agentic capabilities and personalized responses to AI Mode so it can help you get things done and surface relevant options that are more personalized to you.

â€”@GoogleAIStudio now connects to GitHub and we released a new URL context tool in the Gemini API to help developers build more powerful and contextually-aware generative AI applications.",0,0,0,,en,NO
